<?xml version="1.0" encoding="utf-8"?><!--Generated by ILIAS XmlWriter--><exp:Export InstallationId="3231" InstallationUrl="https://ilias.studium.kit.edu" Entity="common" SchemaVersion="5.4.0" TargetRelease="7.19.0" xmlns:xsi="http://www.w3.org/2001/XMLSchema-instance" xmlns:exp="http://www.ilias.de/Services/Export/exp/4_1" xsi:schemaLocation="http://www.ilias.de/Services/Export/exp/4_1 https://ilias.studium.kit.edu/xml/ilias_export_4_1.xsd http://www.ilias.de/Services/Object/obj/5_4 https://ilias.studium.kit.edu/xml/ilias_obj_5_4.xsd http://www.ilias.de/Services/DataSet/ds/4_3 https://ilias.studium.kit.edu/xml/ilias_ds_4_3.xsd" xmlns="http://www.ilias.de/Services/Object/obj/5_4" xmlns:ds="http://www.ilias.de/Services/DataSet/ds/4_3"><exp:ExportItem Id="2732187"><ds:DataSet InstallationId="3231" InstallationUrl="https://ilias.studium.kit.edu" TopEntity="common"><ds:Rec Entity="common"><Common><ObjId>2732187</ObjId></Common></ds:Rec></ds:DataSet></exp:ExportItem></exp:Export>