<?xml version="1.0" encoding="utf-8"?><!--Generated by ILIAS XmlWriter--><surveyobject xmlns:xsi="http://www.w3.org/2001/XMLSchema-instance" xsi:noNamespaceSchemaLocation="http://www.ilias.de/download/xsd/ilias_survey_4_2.xsd"><survey id="9101" title="Welcome Survey"><description>You can help us to get to know your background and your expectations.</description><author>Jakob Bach</author><objectives><material label="introduction"><mattext type="text/xhtml">&lt;p&gt;Welcome to the &quot;Data Science Laboratory Course&quot;! We&apos;d like to get to know you a bit better to adapt the course or at least our expectations accordingly. The following survey is anonymous.&lt;/p&gt;</mattext></material><material label="outro"><mattext type="text/xhtml">&lt;p&gt;Thanks for participating!&lt;/p&gt;</mattext></material></objectives><anonymisation enabled="1"/><restrictions><access type="free"/><startingtime type="date">2023-04-01T00:00:00</startingtime><endingtime type="date">2023-04-16T23:55:00</endingtime></restrictions><metadata><metadatafield><fieldlabel>evaluation_access</fieldlabel><fieldentry>0</fieldentry></metadatafield><metadatafield><fieldlabel>status</fieldlabel><fieldentry/></metadatafield><metadatafield><fieldlabel>display_question_titles</fieldlabel><fieldentry>1</fieldentry></metadatafield><metadatafield><fieldlabel>pool_usage</fieldlabel><fieldentry>0</fieldentry></metadatafield><metadatafield><fieldlabel>own_results_view</fieldlabel><fieldentry>0</fieldentry></metadatafield><metadatafield><fieldlabel>own_results_mail</fieldlabel><fieldentry>0</fieldentry></metadatafield><metadatafield><fieldlabel>confirmation_mail</fieldlabel><fieldentry>0</fieldentry></metadatafield><metadatafield><fieldlabel>anon_user_list</fieldlabel><fieldentry>0</fieldentry></metadatafield><metadatafield><fieldlabel>mode</fieldlabel><fieldentry>0</fieldentry></metadatafield><metadatafield><fieldlabel>mode_360_self_eval</fieldlabel><fieldentry>0</fieldentry></metadatafield><metadatafield><fieldlabel>mode_360_self_rate</fieldlabel><fieldentry>0</fieldentry></metadatafield><metadatafield><fieldlabel>mode_360_self_appr</fieldlabel><fieldentry>0</fieldentry></metadatafield><metadatafield><fieldlabel>mode_360_results</fieldlabel><fieldentry>0</fieldentry></metadatafield><metadatafield><fieldlabel>mode_skill_service</fieldlabel><fieldentry>0</fieldentry></metadatafield><metadatafield><fieldlabel>mode_self_eval_results</fieldlabel><fieldentry>1</fieldentry></metadatafield><metadatafield><fieldlabel>SCORM</fieldlabel><fieldentry>&#10;&lt;MetaData&gt;&#10;  &lt;General Structure=&quot;Hierarchical&quot;&gt;&#10;    &lt;Identifier Catalog=&quot;ILIAS&quot; Entry=&quot;il__svy_2732187&quot;/&gt;&#10;    &lt;Title Language=&quot;de&quot;&gt;&#10;      Welcome Survey&#10;    &lt;/Title&gt;&#10;    &lt;Language Language=&quot;de&quot;/&gt;&#10;    &lt;Description Language=&quot;de&quot;&gt;&#10;      You can help us to get to know your background and your expectations.&#10;    &lt;/Description&gt;&#10;    &lt;Keyword Language=&quot;de&quot;&gt;&#10;    &lt;/Keyword&gt;&#10;  &lt;/General&gt;&#10;  &lt;Lifecycle Status=&quot;Draft&quot;&gt;&#10;    &lt;Version Language=&quot;en&quot;&gt;&#10;    &lt;/Version&gt;&#10;    &lt;Contribute Role=&quot;Author&quot;&gt;&#10;      &lt;Entity&gt;&#10;        Jakob Bach&#10;      &lt;/Entity&gt;&#10;      &lt;Date&gt;&#10;      &lt;/Date&gt;&#10;    &lt;/Contribute&gt;&#10;  &lt;/Lifecycle&gt;&#10;&lt;/MetaData&gt;</fieldentry></metadatafield></metadata></survey><surveyquestions id="2732187"><questionblock showQuestiontext="1" showBlocktitle="" compressView="0"><questionblocktitle>Survey</questionblocktitle><question id="70034" title="Studies - Program" type="SurveySingleChoiceQuestion" obligatory="1"><description/><author>Jakob Bach</author><questiontext><material><mattext type="text/xhtml">&lt;p&gt;What is your current program of study?&lt;/p&gt;</mattext></material></questiontext><responses><response_single id="0" other="0" neutral="0" scale="1"><material><mattext type="text/plain">Informatics</mattext></material></response_single><response_single id="1" other="0" neutral="0" scale="2"><material><mattext type="text/plain">Information Systems (= Wirtschaftsinformatik) / Information Engineering</mattext></material></response_single><response_single id="2" other="1" neutral="0" scale="3"><material><mattext type="text/plain">Another subject:</mattext></material></response_single></responses><metadata><metadatafield><fieldlabel>orientation</fieldlabel><fieldentry>0</fieldentry></metadatafield></metadata></question><question id="70035" title="Studies - Degree" type="SurveySingleChoiceQuestion" obligatory="1"><description/><author>Jakob Bach</author><questiontext><material><mattext type="text/xhtml">&lt;p&gt;Which degree are you currently pursuing?&lt;/p&gt;</mattext></material></questiontext><responses><response_single id="0" other="0" neutral="0" scale="1"><material><mattext type="text/plain">Bachelor</mattext></material></response_single><response_single id="1" other="0" neutral="0" scale="2"><material><mattext type="text/plain">Master</mattext></material></response_single><response_single id="2" other="1" neutral="0" scale="3"><material><mattext type="text/plain">Something different:</mattext></material></response_single></responses><metadata><metadatafield><fieldlabel>orientation</fieldlabel><fieldentry>0</fieldentry></metadatafield></metadata></question><question id="70036" title="Experience - Theory in  Data Science" type="SurveyMetricQuestion" subtype="5" obligatory="1"><description/><author>Jakob Bach</author><questiontext><material><mattext type="text/xhtml">&lt;p&gt;How many lectures or courses (with a least some theory part) on data science have you attended until now (excluding courses that you&apos;ve just started to attend)?&lt;/p&gt;</mattext></material></questiontext><responses><response_num id="0" format="integer" min="0"></response_num></responses></question><question id="70037" title="Experience - Practice in Data Science" type="SurveyMultipleChoiceQuestion" obligatory="1"><description/><author>Jakob Bach</author><questiontext><material><mattext type="text/xhtml">&lt;p&gt;Did you ever acquire or are you currently acquiring practical experience in data science in the form of ...&lt;/p&gt;</mattext></material></questiontext><responses><response_multiple id="0" other="0" neutral="0" scale="1"><material><mattext type="text/plain">a full-time job </mattext></material></response_multiple><response_multiple id="1" other="0" neutral="0" scale="2"><material><mattext type="text/plain">an internship</mattext></material></response_multiple><response_multiple id="2" other="0" neutral="0" scale="3"><material><mattext type="text/plain">a side job (e.g., HiWi position or Werkstudent)</mattext></material></response_multiple><response_multiple id="3" other="0" neutral="0" scale="4"><material><mattext type="text/plain">another practical course</mattext></material></response_multiple><response_multiple id="4" other="0" neutral="0" scale="5"><material><mattext type="text/plain">a free-time project </mattext></material></response_multiple><response_multiple id="5" other="0" neutral="0" scale="6"><material><mattext type="text/plain">a hackathon</mattext></material></response_multiple></responses><metadata><metadatafield><fieldlabel>orientation</fieldlabel><fieldentry>0</fieldentry></metadatafield><metadatafield><fieldlabel>use_min_answers</fieldlabel><fieldentry/></metadatafield><metadatafield><fieldlabel>nr_min_answers</fieldlabel><fieldentry/></metadatafield><metadatafield><fieldlabel>nr_max_answers</fieldlabel><fieldentry/></metadatafield></metadata></question><question id="70038" title="Experience - Python" type="SurveySingleChoiceQuestion" obligatory="1"><description/><author>Jakob Bach</author><questiontext><material><mattext type="text/xhtml">&lt;p&gt;How would you rate your Python skills?&lt;/p&gt;</mattext></material></questiontext><responses><response_single id="0" other="0" neutral="0" scale="1"><material><mattext type="text/plain">No knowledge of Python</mattext></material></response_single><response_single id="1" other="0" neutral="0" scale="2"><material><mattext type="text/plain">Beginner</mattext></material></response_single><response_single id="2" other="0" neutral="0" scale="3"><material><mattext type="text/plain">Intermediate</mattext></material></response_single><response_single id="3" other="0" neutral="0" scale="4"><material><mattext type="text/plain">Pro</mattext></material></response_single></responses><metadata><metadatafield><fieldlabel>orientation</fieldlabel><fieldentry>0</fieldentry></metadatafield></metadata></question><question id="70039" title="Experience - Git" type="SurveySingleChoiceQuestion" obligatory="1"><description/><author>Jakob Bach</author><questiontext><material><mattext type="text/xhtml">&lt;p&gt;How would you rate your Git skills?&lt;/p&gt;</mattext></material></questiontext><responses><response_single id="0" other="0" neutral="0" scale="1"><material><mattext type="text/plain">No knowledge of any version-control system</mattext></material></response_single><response_single id="1" other="0" neutral="0" scale="2"><material><mattext type="text/plain">No knowledge of Git, but I&apos;m familiar with another version-control system (e.g., CVS, SVN)</mattext></material></response_single><response_single id="2" other="0" neutral="0" scale="3"><material><mattext type="text/plain">Beginner (e.g., commit, pull, push)</mattext></material></response_single><response_single id="3" other="0" neutral="0" scale="4"><material><mattext type="text/plain">Intermediate (e.g., rebase, stash)</mattext></material></response_single><response_single id="4" other="0" neutral="0" scale="5"><material><mattext type="text/plain">Pro (e.g., filter-branch, format-patch, subtree merge)</mattext></material></response_single></responses><metadata><metadatafield><fieldlabel>orientation</fieldlabel><fieldentry>0</fieldentry></metadatafield></metadata></question><question id="70221" title="Experience - Command Line" type="SurveySingleChoiceQuestion" obligatory="1"><description/><author>Jakob Bach</author><questiontext><material><mattext type="text/xhtml">&lt;p&gt;How would you rate your command-line skills (for your operating system of choice)?&lt;/p&gt;</mattext></material></questiontext><responses><response_single id="0" other="0" neutral="0" scale="1"><material><mattext type="text/plain">No knowledge, I only work with GUIs</mattext></material></response_single><response_single id="1" other="0" neutral="0" scale="2"><material><mattext type="text/plain">Basic (simple directory/file operations, starting programs)</mattext></material></response_single><response_single id="2" other="0" neutral="0" scale="3"><material><mattext type="text/plain">Intermediate</mattext></material></response_single><response_single id="3" other="0" neutral="0" scale="4"><material><mattext type="text/plain">Advanced</mattext></material></response_single></responses><metadata><metadatafield><fieldlabel>orientation</fieldlabel><fieldentry>0</fieldentry></metadatafield></metadata></question><question id="70040" title="Wishes - Learning" type="SurveyTextQuestion" obligatory="0"><description/><author>Jakob Bach</author><questiontext><material><mattext type="text/xhtml">&lt;p&gt;What do you wish to get out of the lab course? (e.g., regarding personal interests, further studies, career)&lt;/p&gt;</mattext></material></questiontext><responses><response_text id="0" rows="5" columns="50"/></responses></question><question id="70041" title="Wishes - Teaching" type="SurveyTextQuestion" obligatory="0"><description/><author>Jakob Bach</author><questiontext><material><mattext type="text/xhtml">&lt;p&gt;What do you wish regarding the teaching of the course, e.g., tasks, organization, workload, course materials, supervision, etc.?&lt;/p&gt;</mattext></material></questiontext><responses><response_text id="0" rows="5" columns="50"/></responses></question></questionblock></surveyquestions></surveyobject>